{
	"sapcc" : 
	[
		
		{
			"system" :
			{
				"name" : "MO1",
				"id" : "CC1",
				"hostname" : "DEVTELCOCC1N.dev.bss.jio.com",
				"ip" : "10.144.96.246",
				"port" : "9000"
			},
			"username" : "CC_WebService_User1",
			"password" : "Welcome1"
		},
		{
			"system" :
			{
				"name" : "DEV1",
				"id" : "C01",
				"hostname" : "DEVTELCOC01N.dev.bss.jio.com",
				"ip" : "10.144.96.26",
				"port" : "9000"
			},
			"username" : "CC_WebService_User1",
			"password" : "Welcome1"
		},
		{
			"system" :
			{
				"name" : "ST2",
				"id" : "CC2",
				"hostname" : "JMNICCCC2",
				"ip" : "10.144.112.56",
				"port" : "8000"
			},
			"username" : "CC_WebService_User1",
			"password" : "Welcome1"
		}
		
	
	]
}
